{"0683F6C8-EA50-4555-AE1C-79542C27397F":{"scrollOrigin":"{138.64508941694424, 161.13614772251893}","zoomValue":0.3924850971759578},"31857599-A1CD-4F76-B7B7-66759BC2E498":{"pageListHeight":110},"1F304856-26DE-4BD8-AA1B-3B0092B5F834":{"scrollOrigin":"{141, -72}","zoomValue":0.3924850971759578},"50BB7EA8-15CF-4AD0-BEB0-0E6CA05F4CCB":{"pageListHeight":-1}}