{"document":{"pageListHeight":110},"0683F6C8-EA50-4555-AE1C-79542C27397F":{"scrollOrigin":"{42, 183}","zoomValue":1.202272239901957},"1F304856-26DE-4BD8-AA1B-3B0092B5F834":{"scrollOrigin":"{141, -72}","zoomValue":0.3924850971759578},"50BB7EA8-15CF-4AD0-BEB0-0E6CA05F4CCB":{"pageListHeight":-1}}