{"document":{"pageListHeight":117},"2DA3AD8D-A826-4446-808A-71FA75003A95":{"pageListHeight":-1},"2D3DE24E-692C-4F98-B0A9-FEF2B759B513":{"scrollOrigin":"{-338, -174}","zoomValue":1.051722691682884},"A16EE791-5AB8-4888-A67B-6A39673EABCE":{"scrollOrigin":"{-70, 128}","zoomValue":0.831996670403057}}